,AGRFORTFISH_val,CONSTR_val,INDUSENRG_val,MFG_val,SERV_val
AGRFORTFISH_val,0.9999999999999998,-0.0764487547983511,-0.004225184519105723,-0.09045276400703893,-0.16730238971379552
CONSTR_val,-0.0764487547983511,0.9999999999999999,-0.14515943724964073,-0.1643750725742968,-0.06452991577736333
INDUSENRG_val,-0.004225184519105723,-0.14515943724964075,0.9999999999999999,0.9824195872481529,-0.9603020496550713
MFG_val,-0.09045276400703892,-0.1643750725742968,0.982419587248153,1.0,-0.9222887699086544
SERV_val,-0.16730238971379552,-0.06452991577736333,-0.9603020496550712,-0.9222887699086544,0.9999999999999999
