,AGRFORTFISH_emp,CONSTR_emp,INDUSENRG_emp,MFG_emp,SERV_emp
AGRFORTFISH_emp,1.0,0.7460451112545701,0.684461511315466,0.6396230808911704,0.6538663180414237
CONSTR_emp,0.7460451112545701,0.9999999999999998,0.9748984061955548,0.9514110520832446,0.9801428903489874
INDUSENRG_emp,0.6844615113154661,0.9748984061955549,1.0,0.9958259533328554,0.9528550037215114
MFG_emp,0.6396230808911703,0.9514110520832446,0.9958259533328553,1.0,0.931982592955198
SERV_emp,0.6538663180414237,0.9801428903489874,0.9528550037215116,0.931982592955198,1.0
