Sector_activitate,Valoare_Indicator
AGRFORTFISH,48.15796279140376
CONSTR,124.41913118610395
INDUSENRG,446.990690294659
MFG,369.66925682340315
SERV,1580.4322574550852
